N_Training,N_Test,N_Descriptors,S21,S22,S23
3000,19695,6,0.6461538461538462,0.7846153846153846,0.8307692307692308
